Parameter,Median,CI,CI_low,CI_high,pd,ROPE_CI,ROPE_low,ROPE_high,ROPE_Percentage,Rhat,ESS
b_Intercept,2.186936114170255,0.95,1.782395330774825,2.5368335381373033,1,0.95,-0.1,0.1,0,1.0010956728331533,828.7053637772389
b_repro_connectivity_sc,0.6740615299787991,0.95,0.0941832945548062,1.291138913105046,0.9895,0.95,-0.1,0.1,2.631578947368421e-4,1.0010175450916956,1370.815040081058
b_dbh_sc,0.49366496403818216,0.95,0.12712593196086022,0.8610393781429795,0.99425,0.95,-0.1,0.1,0,1.0049816197429156,1035.7449790161197
b_repro_connectivity_sc:dbh_sc,0.3536855338160154,0.95,-0.1993989294874436,0.9853669836922985,0.8885,0.95,-0.1,0.1,0.1386842105263158,1.0018095510859681,1312.1945962884513
