Parameter,Median,CI,CI_low,CI_high,pd,ROPE_CI,ROPE_low,ROPE_high,ROPE_Percentage,Rhat,ESS
b_Intercept,-0.40288584172878505,0.95,-0.6356151964237919,-0.15893934835716383,0.999,0.95,-0.1,0.1,0,1.005946287797607,767.1568139908628
b_connectivity_sc,0.04830093938390306,0.95,-0.14002426156709386,0.23684279735529448,0.69375,0.95,-0.1,0.1,0.6747368421052632,1.002857048186594,1272.3615413297364
b_dbh_sc,0.06727212746265543,0.95,-0.19950137200657853,0.2871632744006217,0.71325,0.95,-0.1,0.1,0.546578947368421,1.00578489329256,976.7143066209998
b_year2023,-0.8088084427710883,0.95,-0.8894858242172332,-0.7133834314254411,1,0.95,-0.1,0.1,0,0.999751477511438,3408.5881089465365
