Parameter,Median,CI,CI_low,CI_high,pd,ROPE_CI,ROPE_low,ROPE_high,ROPE_Percentage,Rhat,ESS
b_Intercept,-1.83758365007429,0.95,-2.0820808548342273,-1.5943772063581965,1,0.95,-0.1,0.1,0,1.0051966503227225,708.7206858495033
b_repro_connectivity_sc,0.18263445654671898,0.95,-0.051135025744203956,0.40135878174531425,0.937,0.95,-0.1,0.1,0.22289473684210526,1.0038793654721125,1161.6378889053512
b_dbh_sc,0.19751173765390623,0.95,-0.03319581967959133,0.4238866290067376,0.95575,0.95,-0.1,0.1,0.18236842105263157,1.003208585677724,899.7572286562817
b_year2023,0.6647542721479442,0.95,0.5614970639411915,0.7804696682604477,1,0.95,-0.1,0.1,0,1.000262059849139,5291.715716291888
