Parameter,Median,CI,CI_low,CI_high,pd,ROPE_CI,ROPE_low,ROPE_high,ROPE_Percentage,Rhat,ESS
b_Intercept,-1.233663566050628,0.95,-1.5030394362492774,-0.9210863227894546,1,0.95,-0.1,0.1,0,1.00375776055287,934.7124312082012
b_connectivity_sc,0.039318130217523214,0.95,-0.49419891897150914,0.523526737494378,0.564,0.95,-0.1,0.1,0.32842105263157895,1.0046664326104602,783.0086910290747
b_dbh_sc,0.05120847774556647,0.95,-0.26988067272345334,0.37276141262137275,0.63025,0.95,-0.1,0.1,0.48368421052631577,1.0023995940993173,908.6421419038668
b_connectivity_sc:dbh_sc,-0.013987464220887223,0.95,-0.443144931340669,0.4221496706772617,0.5245,0.95,-0.1,0.1,0.3792105263157895,1.0053330275481192,901.2794268984327
