Parameter,Median,CI,CI_low,CI_high,pd,ROPE_CI,ROPE_low,ROPE_high,ROPE_Percentage,Rhat,ESS
b_Intercept,-1.850850684499897,0.95,-2.101909360411642,-1.5879381251087552,1,0.95,-0.1,0.1,0,1.005331068869368,797.6029988620978
b_repro_connectivity_sc,0.11245616806158318,0.95,-0.2140570773768151,0.47444457569722376,0.73875,0.95,-0.1,0.1,0.37973684210526315,1.0049189975222,1165.8463013139785
b_dbh_sc,0.177586525869533,0.95,-0.06741538193189119,0.40657226078943576,0.928,0.95,-0.1,0.1,0.245,1.0048234308717698,875.387553177045
b_year2023,0.666475561205253,0.95,0.5581800876620525,0.782522531453795,1,0.95,-0.1,0.1,0,1.0004421715484222,3666.4742875991265
b_repro_connectivity_sc:dbh_sc,-0.0919646336258322,0.95,-0.4244515116970457,0.25924678380212124,0.70325,0.95,-0.1,0.1,0.4063157894736842,1.0029685775048471,1350.86284659707
