Parameter,Median,CI,CI_low,CI_high,pd,ROPE_CI,ROPE_low,ROPE_high,ROPE_Percentage,Rhat,ESS
b_Intercept,-1.2509164860106963,0.95,-1.5255814887424788,-0.9946994992174385,1,0.95,-0.1,0.1,0,1.0043987243119614,864.9578984144348
b_repro_connectivity_sc,-0.10488638031457423,0.95,-0.47255005404081046,0.3393207453673312,0.68775,0.95,-0.1,0.1,0.34657894736842104,0.9997911531875995,1195.0361262431431
b_dbh_sc,-0.025186665279562738,0.95,-0.2884059820480776,0.28958903492053367,0.57425,0.95,-0.1,0.1,0.5481578947368421,1.0043880260757017,852.4577934499274
b_repro_connectivity_sc:dbh_sc,-0.05045779457901344,0.95,-0.4427726583813779,0.34180520466629283,0.604,0.95,-0.1,0.1,0.39289473684210524,1.0013643152738447,1583.102171382145
