Parameter,Median,CI,CI_low,CI_high,pd,ROPE_CI,ROPE_low,ROPE_high,ROPE_Percentage,Rhat,ESS
b_Intercept,-0.49679941351567447,0.95,-0.7115181689014937,-0.27463724934096656,1,0.95,-0.1,0.1,0,1.0179608302418874,399.1622041200748
b_repro_connectivity_sc,0.01283702021290936,0.95,-0.18307656460217567,0.21296871783632332,0.55225,0.95,-0.1,0.1,0.7144736842105263,1.0085957975360176,773.1547035071122
b_dbh_sc,0.06808183414470115,0.95,-0.1313719743810869,0.2820842489599428,0.74925,0.95,-0.1,0.1,0.5905263157894737,1.0052152342454328,657.8307364990467
b_year2023,-0.8239390932863901,0.95,-0.905504694644356,-0.7422778759321536,1,0.95,-0.1,0.1,0,1.0005699788841989,3081.850588172125
