Parameter,Median,CI,CI_low,CI_high,pd,ROPE_CI,ROPE_low,ROPE_high,ROPE_Percentage,Rhat,ESS
b_Intercept,-1.8272579089044503,0.95,-2.059150773166805,-1.5779196721043252,1,0.95,-0.1,0.1,0,1.0034455272730982,641.9660201131576
b_connectivity_sc,0.19522665508718273,0.95,-0.029165918873185183,0.45852832288310774,0.94325,0.95,-0.1,0.1,0.2026315789473684,1.000941397885282,1133.1312559067883
b_dbh_sc,0.2124124916213379,0.95,-0.01998808021774219,0.4325370369308926,0.968,0.95,-0.1,0.1,0.1386842105263158,1.0100434014465558,662.2130624843585
b_year2023,0.6677597198516887,0.95,0.5547296555422272,0.7692873483080769,1,0.95,-0.1,0.1,0,0.9994699702913312,5665.318927494355
