Parameter,Median,CI,CI_low,CI_high,pd,ROPE_CI,ROPE_low,ROPE_high,ROPE_Percentage,Rhat,ESS
b_Intercept,2.153248640064436,0.95,1.7470049184507594,2.613873495515741,1,0.95,-0.1,0.1,0,1.003275174963367,752.9926410457866
b_connectivity_sc,0.4920406330362277,0.95,-0.19562467051137314,1.1658352340149332,0.92425,0.95,-0.1,0.1,0.08394736842105263,1.0023886411913057,1022.9209973894249
b_dbh_sc,0.5006309561627336,0.95,0.04650612183447766,0.9536875146616626,0.987,0.95,-0.1,0.1,0.010526315789473684,1.0005712080170075,1035.382212848464
b_connectivity_sc:dbh_sc,0.15835998846634555,0.95,-0.4782824237344582,0.8641632321529157,0.6755,0.95,-0.1,0.1,0.2218421052631579,1.0021775454595492,1065.5332981883694
