Parameter,Median,CI,CI_low,CI_high,pd,ROPE_CI,ROPE_low,ROPE_high,ROPE_Percentage,Rhat,ESS
b_Intercept,-0.41116198829802086,0.95,-0.6551691725050723,-0.1651243549428696,0.9995,0.95,-0.1,0.1,0,1.0041173000029182,1060.7955936613334
b_repro_connectivity_sc,-0.14959172404229354,0.95,-0.5099521383911659,0.21724209532095104,0.78975,0.95,-0.1,0.1,0.32789473684210524,1.0000157094638993,1811.156555717703
b_dbh_sc,0.02296639107369606,0.95,-0.23076772611252022,0.2696786709083495,0.574,0.95,-0.1,0.1,0.6013157894736842,1.001939294252732,1036.8828364675487
b_year2023,-0.8086676312245861,0.95,-0.8942957685963817,-0.714073693211549,1,0.95,-0.1,0.1,0,0.9998593127749174,3889.2846968116573
b_repro_connectivity_sc:dbh_sc,-0.08887719979964442,0.95,-0.4300045840425156,0.2423663347219855,0.6945,0.95,-0.1,0.1,0.4097368421052632,1.0009851554539662,1842.7040774816016
