Parameter,Median,CI,CI_low,CI_high,pd,ROPE_CI,ROPE_low,ROPE_high,ROPE_Percentage,Rhat,ESS
b_Intercept,2.1855549109425807,0.95,1.783656140268836,2.5631357906093317,1,0.95,-0.1,0.1,0,1.000483781238522,895.9253230540269
b_repro_connectivity_sc,0.7048439642528301,0.95,0.13371680060428232,1.3390623011918537,0.9905,0.95,-0.1,0.1,0,0.9998456767071929,1581.5498425684002
b_dbh_sc,0.5131781253214431,0.95,0.16101932265835564,0.8754750537620138,0.99825,0.95,-0.1,0.1,0,1.0018595869915157,1022.9450464549749
b_repro_connectivity_sc:dbh_sc,0.3266032239225957,0.95,-0.2383716876707592,0.9406294067051453,0.87125,0.95,-0.1,0.1,0.14947368421052631,1.0004930353624115,1714.369851109421
