Parameter,Median,CI,CI_low,CI_high,pd,ROPE_CI,ROPE_low,ROPE_high,ROPE_Percentage,Rhat,ESS
b_Intercept,-0.8398088621132127,0.95,-1.2069535077482807,-0.5030086010105843,1,0.95,-0.1,0.1,0,1.001142559748592,1404.0373552918718
b_connectivity_sc,0.15825695102924614,0.95,-0.24105907510724756,0.5416528602498257,0.801,0.95,-0.1,0.1,0.30026315789473684,1.000008908170239,1807.35318567246
b_dbh_sc,0.2025015954994417,0.95,-0.17951894249427364,0.5729251348047141,0.862,0.95,-0.1,0.1,0.24447368421052632,0.9998361379911794,1609.7865540078908
b_connectivity_sc:dbh_sc,-0.0640791980713872,0.95,-0.6086024215578197,0.42358963456990223,0.612,0.95,-0.1,0.1,0.3263157894736842,1.0009183436084597,1932.7226149445173
