Parameter,Median,CI,CI_low,CI_high,pd,ROPE_CI,ROPE_low,ROPE_high,ROPE_Percentage,Rhat,ESS
b_Intercept,-1.245259426396455,0.95,-1.519048065827379,-0.9567379815095411,1,0.95,-0.1,0.1,0,1.0011722103752019,899.5230604363182
b_connectivity_sc,0.0015202533644775758,0.95,-0.47565181869112744,0.5037576451080066,0.5035,0.95,-0.1,0.1,0.35026315789473683,1.0010277630819566,1066.4430032362823
b_dbh_sc,0.002176013552998718,0.95,-0.322435559466422,0.2995918686989173,0.5055,0.95,-0.1,0.1,0.506578947368421,0.9999428329208553,938.1023603059461
b_connectivity_sc:dbh_sc,-0.018796776821480808,0.95,-0.4415013682129374,0.4518490757961131,0.53575,0.95,-0.1,0.1,0.35447368421052633,0.9998654344038174,1096.3071511777612
