Parameter,Median,CI,CI_low,CI_high,pd,ROPE_CI,ROPE_low,ROPE_high,ROPE_Percentage,Rhat,ESS
b_Intercept,-1.2834098779502234,0.95,-1.5043347385533947,-1.0241753973323955,1,0.95,-0.1,0.1,0,1.005592338572077,601.3540557043889
b_repro_connectivity_sc,-0.1504632353838854,0.95,-0.4885990935500491,0.17301756267655985,0.81175,0.95,-0.1,0.1,0.3273684210526316,1.0003843166229491,1163.3657579948706
b_dbh_sc,0.006727218179596044,0.95,-0.2567982213904991,0.2410477869516466,0.52425,0.95,-0.1,0.1,0.6078947368421053,1.0046837767438512,887.9492866840619
b_repro_connectivity_sc:dbh_sc,-0.08909255855966372,0.95,-0.43696151388784304,0.24336287216329489,0.69925,0.95,-0.1,0.1,0.4147368421052632,0.999582562818317,1302.4418883533056
