Parameter,Median,CI,CI_low,CI_high,pd,ROPE_CI,ROPE_low,ROPE_high,ROPE_Percentage,Rhat,ESS
b_Intercept,-1.2632043182756565,0.95,-1.4993361685317463,-1.0202687210556791,1,0.95,-0.1,0.1,0,1.002634466957544,786.5685463622461
b_connectivity_sc,-0.012112030272486998,0.95,-0.42008132267575193,0.37252863463607905,0.5235,0.95,-0.1,0.1,0.3923684210526316,1.0048521064460885,870.6095513378709
b_dbh_sc,0.032928549168163006,0.95,-0.24515726700696833,0.34302063978909236,0.59,0.95,-0.1,0.1,0.5342105263157895,1.0017762436797863,942.9175225583879
b_connectivity_sc:dbh_sc,-0.025306752374500883,0.95,-0.39002474425695316,0.3521679725172351,0.54625,0.95,-0.1,0.1,0.4036842105263158,1.0052708108973973,908.3432924214595
