Parameter,Median,CI,CI_low,CI_high,pd,ROPE_CI,ROPE_low,ROPE_high,ROPE_Percentage,Rhat,ESS
b_Intercept,-1.2411568485103661,0.95,-1.5129849945908296,-0.9725446340129624,1,0.95,-0.1,0.1,0,1.0098581322729687,702.2233809639879
b_repro_connectivity_sc,-0.10666666743763895,0.95,-0.5420357216091656,0.2855641124206449,0.7055,0.95,-0.1,0.1,0.355,1.0022570237368709,1191.0266451204225
b_dbh_sc,0.01675214226243347,0.95,-0.26325632131731547,0.3100897162347695,0.55225,0.95,-0.1,0.1,0.5213157894736842,1.0016123605650213,961.7854801253375
b_repro_connectivity_sc:dbh_sc,-0.0682672717739645,0.95,-0.44302422480482917,0.29527541701430726,0.64825,0.95,-0.1,0.1,0.4081578947368421,1.0014921226298112,1275.0902245762193
