Parameter,Median,CI,CI_low,CI_high,pd,ROPE_CI,ROPE_low,ROPE_high,ROPE_Percentage,Rhat,ESS
b_Intercept,-0.8289528088791455,0.95,-1.1788944716335428,-0.443026592962298,1,0.95,-0.1,0.1,0,1.0046045326703805,1062.8236330690622
b_repro_connectivity_sc,0.12191179331271981,0.95,-0.2374123919026708,0.5546609803521898,0.736,0.95,-0.1,0.1,0.35078947368421054,1.00046105885539,1723.7084367750927
b_dbh_sc,0.15926482587895757,0.95,-0.20041875012669508,0.5124633387741944,0.8285,0.95,-0.1,0.1,0.3076315789473684,1.0014489855107103,1225.3805308308638
b_repro_connectivity_sc:dbh_sc,-0.2574069318577515,0.95,-0.7615703909755752,0.2664393516854028,0.838,0.95,-0.1,0.1,0.2018421052631579,1.0030927244987788,1912.9461391800528
